id,name,age
60,Charlotte Gray,21
43,Chloe Perry,45
34,Owen Gonzales,57
44,Nora Gray,36
8,Lily Lawrence,37
92,Zoey Wheeler,27
36,Mia Jenkins,47
7,Evelyn Reynolds,48
99,Nora Cunningham,49
5,Samuel Romero,42
64,Levi Graham,32
33,Avery Foster,34
49,David Hamilton,52
54,Amelia Russell,45
71,Wyatt Butler,31
39,Elijah Reed,34
59,Abigail Alexander,44
100,Chloe Price,55
76,Chloe Gibson,24
77,Carter King,54
70,Samuel Henderson,24
85,Stella Carr,41
20,Scarlett Jordan,44
89,Owen Russell,35
48,Ethan Perry,35
66,Emma Morgan,34
21,Elijah Lane,39
6,Noah Graham,27
57,Emma Gray,33
55,Alexander Carlson,38
79,James Simmons,56
73,Hannah Lawrence,37
14,Noah Bell,50
3,Sebastian Gibson,34
69,Olivia Sullivan,55
38,Gabriel Wallace,43
84,Owen Hunter,32
58,Owen Hunter,32
40,Carter Torres,56
88,Liam Reynolds,33
90,David King,41
74,Avery Wallace,37
27,Henry Ellis,31
13,Hannah Romero,20
19,Sophia Price,30
62,Logan Webb,35
87,Evelyn Carlson,40
22,Grace Henderson,27
41,Lily Lane,36
12,Noah Price,20
91,Ella Romero,32
72,Samuel Reynolds,38
17,Jackson Russell,25
63,Mason Powell,42
98,Levi Wheeler,45
96,Daniel Ward,20
32,Owen Sanders,42
82,Grace Bell,23
45,Owen Ortiz,50
26,Zoey Ward,20
46,Jacob Lawrence,60
2,Elijah Morgan,34
80,Lily Reed,27
67,Sebastian Foster,42
94,Jackson Coleman,43
29,Oliver Bell,20
52,Zoey Cook,32
47,Chloe Carlson,34
28,Isabella Hughes,42
31,Logan Carlson,60
65,Carter Gonzales,60
23,James Foster,28
83,Ethan Perry,23
53,Owen Griffin,49
86,Aria Reed,35
37,Chloe Jordan,58
75,Michael Carr,23
11,Zoey Bell,33
16,Mia Carlson,51
81,Jacob Wheeler,52
50,Owen Cruz,20
35,Avery Henderson,30
18,Evelyn Coleman,42
78,Stella Webb,43
15,Lucas Patterson,29
10,Aiden Jordan,60
97,Henry Sullivan,43
93,Logan Gray,20
51,Chloe Vasquez,51
56,James Perry,58
68,Harper Brooks,46
25,Wyatt Butler,45
9,Nora Gray,32
24,Michael Ellis,43
42,Sebastian Taylor,34
61,Levi Gibson,42
95,Jackson Perry,33
1,David Reed,39
30,Sebastian Fisher,46
4,Henry Brooks,36
