ID,Name,Age,Salary,Dept
5,Samuel Romero,42,106609,Engineering
10,Aiden Jordan,60,77222,Marketing
16,Mia Carlson,51,57469,Engineering
20,Scarlett Jordan,44,54270,HR
24,Michael Ellis,43,58027,Engineering
25,Wyatt Butler,45,114599,Engineering
30,Sebastian Fisher,46,51562,Sales
32,Owen Sanders,42,55305,Engineering
34,Owen Gonzales,57,78515,Engineering
36,Mia Jenkins,47,94867,Engineering
37,Chloe Jordan,58,81692,Marketing
38,Gabriel Wallace,43,108387,Finance
40,Carter Torres,56,58847,Sales
43,Chloe Perry,45,119858,Marketing
46,Jacob Lawrence,60,97366,Engineering
49,David Hamilton,52,83068,HR
53,Owen Griffin,49,47473,Marketing
56,James Perry,58,83623,Engineering
59,Abigail Alexander,44,77291,Sales
63,Mason Powell,42,48581,Engineering
67,Sebastian Foster,42,59619,Engineering
68,Harper Brooks,46,54626,Engineering
69,Olivia Sullivan,55,112415,Sales
77,Carter King,54,107251,Sales
78,Stella Webb,43,50243,HR
81,Jacob Wheeler,52,119872,Sales
87,Evelyn Carlson,40,57141,Engineering
90,David King,41,107841,Finance
94,Jackson Coleman,43,108342,Engineering
98,Levi Wheeler,45,80417,Engineering
99,Nora Cunningham,49,108535,Engineering
100,Chloe Price,55,72097,Marketing
